{
  "Apples": [
    {
      "id": 2,
      "name": "Product 2 ",
      "image": "https://www.ripleys.com/wp-content/uploads/2020/05/shutterstock_577486126-1024x768.jpg"
    },
    {
      "id": 2,
      "name": "Product 2",
      "image": "https://media.post.rvohealth.io/wp-content/uploads/2020/09/Do_Apples_Affect_Diabetes_and_Blood_Sugar_Levels-732x549-thumbnail-1-732x549.jpg"
    },
    {
      "name": "hero Product",
      "detail": "Lorem ipsum dolor sit amet",
      "price": "99",
      "hero": "OMG This just came out today!",
      "image": "http://placehold.it/940x300/999/CCC"
    },{
      "name": "Product 1",
      "detail": "Lorem ipsum dolor sit amet",
      "price": "99",
      "info": "This is the latest and greatest product from Derp corp.",
      "image": "http://placehold.it/300x300/999/CCC"
    },{
      "name": "Product 2",
      "detail": "Lorem ipsum dolor sit amet",
      "price": "99",
      "offer": "BOGOF",
      "image": "http://placehold.it/300x300/999/CCC"
    },{
      "name": "Product 3",
      "detail": "Lorem ipsum dolor sit amet",
      "price": "99",
      "image": "http://placehold.it/300x300/999/CCC"
    },{
      "name": "Product 4",
      "detail": "Lorem ipsum dolor sit amet",
      "price": "99",
      "offer": "No srsly GTFO",
      "image": "http://placehold.it/300x300/999/CCC"
    },{
      "name": "Product 5",
      "detail": "Lorem ipsum dolor sit amet",
      "price": "99",
      "image": "http://placehold.it/300x300/999/CCC"
    },{
      "name": "Product 6",
      "detail": "Lorem ipsum dolor sit amet",
      "price": "99",
      "info": "This is the latest and greatest product from Derp corp.",
      "offer": "info with offer",
      "image": "http://placehold.it/300x300/999/CCC"
    }
   
  ]
}
